[{"model": "wagtailcore.locale", "pk": 1, "fields": {"language_code": "en"}}, {"model": "wagtailcore.site", "pk": 1, "fields": {"hostname": "localhost", "port": 80, "site_name": "", "root_page": 2, "is_default_site": true}}, {"model": "wagtailcore.collection", "pk": 1, "fields": {"path": "0001", "depth": 1, "numchild": 0, "name": "Root"}}, {"model": "wagtailcore.groupcollectionpermission", "pk": 1, "fields": {"group": 1, "collection": 1, "permission": 1}}, {"model": "wagtailcore.groupcollectionpermission", "pk": 2, "fields": {"group": 2, "collection": 1, "permission": 1}}, {"model": "wagtailcore.groupcollectionpermission", "pk": 3, "fields": {"group": 1, "collection": 1, "permission": 2}}, {"model": "wagtailcore.groupcollectionpermission", "pk": 4, "fields": {"group": 2, "collection": 1, "permission": 2}}, {"model": "wagtailcore.groupcollectionpermission", "pk": 5, "fields": {"group": 1, "collection": 1, "permission": 6}}, {"model": "wagtailcore.groupcollectionpermission", "pk": 6, "fields": {"group": 2, "collection": 1, "permission": 6}}, {"model": "wagtailcore.groupcollectionpermission", "pk": 7, "fields": {"group": 1, "collection": 1, "permission": 7}}, {"model": "wagtailcore.groupcollectionpermission", "pk": 8, "fields": {"group": 2, "collection": 1, "permission": 7}}, {"model": "wagtailcore.groupcollectionpermission", "pk": 9, "fields": {"group": 1, "collection": 1, "permission": 9}}, {"model": "wagtailcore.groupcollectionpermission", "pk": 10, "fields": {"group": 2, "collection": 1, "permission": 9}}, {"model": "wagtailcore.page", "pk": 1, "fields": {"path": "0001", "depth": 1, "numchild": 1, "translation_key": "c9c3c4b7-d84d-4632-a19b-c5a655a1d381", "locale": 1, "latest_revision": null, "live": true, "has_unpublished_changes": false, "first_published_at": null, "last_published_at": null, "live_revision": null, "go_live_at": null, "expire_at": null, "expired": false, "locked": false, "locked_at": null, "locked_by": null, "title": "Root", "draft_title": "Root", "slug": "root", "content_type": 1, "url_path": "/", "owner": null, "seo_title": "", "show_in_menus": false, "search_description": "", "latest_revision_created_at": null, "alias_of": null}}, {"model": "wagtailcore.page", "pk": 2, "fields": {"path": "00010001", "depth": 2, "numchild": 0, "translation_key": "926b0c66-634c-492a-8a23-9b444da8c20c", "locale": 1, "latest_revision": null, "live": true, "has_unpublished_changes": false, "first_published_at": null, "last_published_at": null, "live_revision": null, "go_live_at": null, "expire_at": null, "expired": false, "locked": false, "locked_at": null, "locked_by": null, "title": "Welcome to your new Wagtail site!", "draft_title": "Welcome to your new Wagtail site!", "slug": "home", "content_type": 1, "url_path": "/home/", "owner": null, "seo_title": "", "show_in_menus": false, "search_description": "", "latest_revision_created_at": null, "alias_of": null}}, {"model": "wagtailcore.grouppagepermission", "pk": 1, "fields": {"group": 1, "page": 1, "permission_type": "add"}}, {"model": "wagtailcore.grouppagepermission", "pk": 2, "fields": {"group": 1, "page": 1, "permission_type": "edit"}}, {"model": "wagtailcore.grouppagepermission", "pk": 3, "fields": {"group": 1, "page": 1, "permission_type": "publish"}}, {"model": "wagtailcore.grouppagepermission", "pk": 4, "fields": {"group": 2, "page": 1, "permission_type": "add"}}, {"model": "wagtailcore.grouppagepermission", "pk": 5, "fields": {"group": 2, "page": 1, "permission_type": "edit"}}, {"model": "wagtailcore.grouppagepermission", "pk": 6, "fields": {"group": 1, "page": 1, "permission_type": "lock"}}, {"model": "wagtailcore.grouppagepermission", "pk": 7, "fields": {"group": 1, "page": 1, "permission_type": "unlock"}}, {"model": "wagtailcore.workflowpage", "pk": 1, "fields": {"workflow": 1}}, {"model": "wagtailcore.workflowtask", "pk": 1, "fields": {"sort_order": 0, "workflow": 1, "task": 1}}, {"model": "wagtailcore.task", "pk": 1, "fields": {"name": "Moderators approval", "content_type": 3, "active": true}}, {"model": "wagtailcore.workflow", "pk": 1, "fields": {"name": "Moderators approval", "active": true}}, {"model": "wagtailcore.groupapprovaltask", "pk": 1, "fields": {"groups": [1]}}, {"model": "auth.group", "pk": 1, "fields": {"name": "Moderators", "permissions": [5, 6, 7, 9, 8, 1, 2, 3]}}, {"model": "auth.group", "pk": 2, "fields": {"name": "Editors", "permissions": [5, 6, 7, 9, 8, 1, 2, 3]}}, {"model": "sessions.session", "pk": "21sfx54bvp25m5098w6i0165338mebqr", "fields": {"session_data": ".eJwVj01PhDAARP8Ldw3LghFvLEUs0jYgX-3FQJcshQJNwMDW-N9lr5PJmze_Rq3E9zoP7WS8Ge096pqQCyIimGt4wgIucEod7sMXOKiq8CP3-SiZjbXKRrpmW10k7GdBS9yzCmsoNsGqbjuyHWvPRn1iIcCt2I8UrRJB-uCMwG3H2WBhTRc4KrP-OuBjIUlINQHeTnUqkU52mgU2CaMRlblDR7SxkglSIuexca2w5NJV7CHWJxoBujGAuzjjJu1vKwa5TfxTh8dAx9l7hzRycAbv1EI7E8cJf2jy6Vx_8DRPeeKpT8XDV6dZUPE0B_VaK_wzXy23jC-e8fcPXv9jLA:1rbHTj:vEZeBT6GXswTcqW-qftTWLQvnOVSE_CJ7OvQkSUnofg", "expire_date": "2024-03-02T09:59:27.486Z"}}, {"model": "sessions.session", "pk": "4ajdzrjcb1yezzwdm2i6skq7sdydj5jn", "fields": {"session_data": ".eJwVjs1ygjAAhN-FB3Ai1c7YmwSLyZikQAyEi6OIEiBafjpCOn33hsPevm93f52uuHVFX56GZ108nA-nmHB5CXLFFEZHg5ZUoR49onUO0Tuqv1MB8WZhIXBxh-bSbECReg2qnirXQtuYM7SCFqtZIDwHxN8Bxu8uhS91Tj6BZUdqtita7QzzJThA3F6Deh6sJJeAuFlNfDmxIASSY804bRj36ixBtue4pvz-ovF8SpgsxbdzEloXAWK2LglCI2PwRgO0OvBwyfz7IHlWkgmMkhNj_YloWpFEqlu46MYYt0seCbF3Yar6Sf0oHV1Bm_D1afxiBw_tPRGVbbh1_v4BCnlkTA:1rdAW8:etVN0Nm6zMGR8iPe9oV5aQnWvFiGfFImlqbnKlkra4U", "expire_date": "2024-03-07T14:57:44.091Z"}}, {"model": "sessions.session", "pk": "54657cpe8qi3ic5jyfszqn5qidzoknzt", "fields": {"session_data": ".eJwVjctygjAYRt-FvU6M4NTuECwTxj9IjWjYdAiiSbh47Shx-u4Ni293znfezq063qq7_Hmc66pzPp2qj6WISpWomGwNmVBF7qT79sqAzEh92WdBPB9bCAn8aEQzR9V-0RB9VmWbtXamCKzQZu4gACsRhHwCmuMkeKpi94Us-6LG94AtMdXcXQXx9RDVNkgMNYeWamJyvdDcnFAewYszWkPoY85qnGswnEmVD40uM_k-Pha7dHARGB9DlBq-QVMaEXfF0kkSnh6c5RJ6ZH_AJGzbgy3AjqtjOpZTQWUncTCavbzN7LlZ95H4RdmFdoJ3IyS8dXwN9VIXH87fP5oyZNE:1rfHJs:IuYcaN4zjzuGIT-Mb3CQjblKs0mbc84bpjAKqOBPkH0", "expire_date": "2024-03-13T10:37:48.650Z"}}, {"model": "sessions.session", "pk": "8ay7jn44mdqp23sop45aeifau2wwzdlr", "fields": {"session_data": ".eJylkEFzmzAQhf8L5yaDhcmU3ghgIspKlQ0Icelg7BgBsklMClam_71yZ_oLetjLznv7vn2fVj3Kn9OlP56tb9bxlrT7uJFUJjjXeEUkvuLz1m0C_IT7sSyCxHs0InuPpmE_ePaxfB5wd5GCk64qicZyllXZzma3EO2voWMIwgalQTKKkknaRQ6Ep4VkPSJaXLEa7XpnjqtioLHQNPQXobcDaLaILFrTOFHAc1comCteScrBvWccSjI0gzdWd7COaQjFXIWkTbPGFt1pImG-psGqJSrSabZpQYNLMnwTCJZKmieCfp-fnfql2ebbhvnj97GJv7r7KxQPl6ie6pF8XA7I4-mzb32x3o-v78dr-_89NapQZnQdGIMq1ncDGGYIsTaMiNxmWfON_a8_0vUOaOGY_t4OcW8C8Sz4ZqCcOSSLjCayiYKFxrASPHIBMYdmBkhhBH-hCl2VyWvN2d1rg_YRxEyLne2QGK_TjK1oeJpEVrVws03noGmW30CRDriQr-zxnO-i5alElGPvzW23qee-eGdfeBFTDwlv9DXcefb04-PXyfr9BxBaxeQ:1rdWEx:lirJNdQ89X0qCFl0MweTOxFPhGdYhi5Tn0VPFk57q4M", "expire_date": "2024-03-08T14:09:27.324Z"}}, {"model": "sessions.session", "pk": "cbcwi0wxxv9hurvudqvzv23vvru05t9k", "fields": {"session_data": ".eJwlkEtzgjAAhP8L5-KEl2JvCJZJakBqBMKFCU_DQ1tRC-n0vxenhz3tfrM7-yNdy-paDqf0dmnLs_QqlRM6ZW7OfY7gUUDF43CA5w8jt-EStp9xaKP1Yg6BTL11WbcGZbzpYHPheR_2swSzZ6AP9SeASQ6w044-ocKzvzmL3sCcHT1hGVjUwmsw2Nnoq3DbuRAK30EcR9sRR8dx9gHuUUNJrSQu1LCLdd9pjcTZiv9RoUhiVLEoeLIAC0vFbiDoAWieC_UdCRTfqW-UJCc8gZESLHxynHA_t0aUV8FCrQRCQ5Xu3w-TRYxs9YihZ3iptbnDcOezpttT86GPB1pLLxIvUlb0_Jzeh_I6P6VrYAkKjckrPTNl3TBNmS2ZJitM09aGqua5Ukm_f0hudEE:1rgOlm:BQTpIBdIItpsti98jaTwr-olQXP1VkziVANpqm5ylE8", "expire_date": "2024-03-16T12:47:14.413Z"}}, {"model": "sessions.session", "pk": "hhmiaqxzyubci11nnr4eu52v97l61pwg", "fields": {"session_data": ".eJwVkMlugzAARP-Fc4nMlobeEkioUWxEatYLMlswWxpCCrjqv5ccRnN5TyPNrzAU5VA8qmS8NUUvfAjFYleplTGH2dDjUMIMPmB_0TIDbmHzHfqGrW9WCKTy2KatDorw0ML6xrLO79ZwaqxC56svAZEMILOZHRNpmE2MBiewsjPmew3x64J4I58N-55bzToIFWzmVUy8OSbNjCwEcGC3juVNMclUZLlrX-e4vtTxa6P3eRzaJQ3clwsQ38srw6MvoGALqmfiSo55HSMSV2gBc0QQd4i3oA7XKIhY6W6k46HrYeaEn0RyyudIhh98tLG8nPQ5qkArX9J7MtEpiiPhTWB5QvOO9cnzUQzrU6oCtiBXqPiupjtR1XY7kW6pIkpUUXRNlrNMKoW_f7DcdSg:1rgORo:ytoaUv2R_tBiKbB_4BJRAZaNEFVcy5Oe2e1OhectO78", "expire_date": "2024-03-16T12:26:36.314Z"}}, {"model": "sessions.session", "pk": "kktotkom15xo0rkx3ycwq452zzuucc6u", "fields": {"session_data": ".eJwVjk1ugzAYBe_CASKHQNV0FzBFRnx2aQzEbKpAHTB_oQEJcNW7lyzebkbzfo2HvD3kWH1N90b2xpsh16DK_UIxFZBYkz1VZCT9p1245IU0wyVxg-Nug1BuTm3eHpG8OC2p76rokm6bvrqb0CXWUwBeIMAeYrw0Qc3qmr6jjV2oPlm09jTDYg3d4Ofbb7YgWRn3DhSDLTpYQZco4zAz7rSiBiRM2lIztgDTip2fpxKdXYLbNY2eLgJ9MsGPtDijA_WJFfJoz3A5CZ5VsKJFcNCMxyt0tIZUqFu0ozTGrl1LO6-G_BF5Vh_GZXMaP17xOEg3XPyRzk5m-2ls_P0DPvVkYA:1rdAW6:zq8-5d_CAtQL0XWov-lOVd9hk_qaW-TzzbPVovnW61I", "expire_date": "2024-03-07T14:57:42.742Z"}}, {"model": "sessions.session", "pk": "mhhjmktashiieid2imzrj2us4d932y0d", "fields": {"session_data": ".eJwVj8tugzAURP-FD6iAQCW6S4CkpvgiGqexval4KdjmpZQWcNV_j7sdHZ2Z-bWKSXzOo2oG68VqtqQtT5XIRIIuGjkg0Bca3v0qRM9ITfQjTIInA9mlO3dlF9gNPXRIjoJdQXIKGolFcNouJltB7z0s8x3WakvDZGI0F5mMdzi6rSD3fkaMvJ_s4mzkfexkEVsxObacHDtM8gV07kGfG1ZpfrrYQGrFiJlkOmoKXdUFE_8fJnONI7bwCNqUVDaTtxmii5eFTgt9rFPjxBr7QNDGXLxyYU4E17HAtXJpQYOfBDnR_fvs3LdhVvzgVeyN9K98FknTjMz6ewCLMGQM:1rbJ43:sVHNoyK9rKtDHYos2XPP1euIUDAJERMqIdcNX8I03T0", "expire_date": "2024-03-02T11:41:03.582Z"}}, {"model": "sessions.session", "pk": "zfvz62rdk30ge3y185nwzq0z6zyfnri3", "fields": {"session_data": ".eJwljl9vgjAAxL8L7zMVqxl7E8hIiW2Hlj_lxQCWUbEyBAN08bsPsod7udzv7n6NhygfoqvOfVOLu_FhiMmvcq-QVPoo1GhNJOrQ_bgtHLRD9U8SOb61mkMgN_tbfrOASOwbujayUJGapTNnBlQEFwCzAmAXj4ThgchBZvEnmLMj0XtIdLHFem8eHL-9ePU8iLY0TuvUtavZXxMVAGJyTeNIpW44cIXGlNUT8UL4fyrSaeKXWRwsLFi6sBdofgIb4iF4YMGaut89Z2mFJzByhjVl4YQVueKYyzJY2c_jJiyH8wTb3SRaSu9uR9ymv3zRWvDMyk-iM-FTvg3vxusP0uBl3Q:1rdrYY:B0DcwGxocGanPxhEpWCCrkCesL2SyBBfcZD8S8JUYMY", "expire_date": "2024-03-09T12:55:06.116Z"}}, {"model": "common.user", "pk": "43060d3a-74b8-4588-a6a3-1a339522cc1f", "fields": {"password": "pbkdf2_sha256$600000$mbWT6sKSYIpzdlvYT41lgn$oMpFc9Fd9jynA4QwN40dTlzU7vt3Ijc02wo2gIAl+Nc=", "last_login": null, "is_superuser": false, "email": "smadebug@gmail.com", "profile_pic": "https://lh3.googleusercontent.com/a/ACg8ocJSO2DSaUHaBz4TyL1rVcBzecSZNe8ZcvQleHw-J-dA=s96-c", "activation_key": null, "key_expires": null, "is_active": true, "is_staff": false, "groups": [], "user_permissions": []}}, {"model": "common.address", "pk": "0169659e-9466-4002-9b07-482e389b4482", "fields": {"created_at": "2024-02-27T14:38:56.359Z", "updated_at": "2024-02-27T14:38:56.359Z", "created_by": "43060d3a-74b8-4588-a6a3-1a339522cc1f", "updated_by": "43060d3a-74b8-4588-a6a3-1a339522cc1f", "address_line": "", "street": "", "city": "", "state": "", "postcode": "", "country": ""}}, {"model": "common.address", "pk": "0519ea72-1ef0-430f-86d5-63f7e3e9ae93", "fields": {"created_at": "2024-02-28T06:44:52.860Z", "updated_at": "2024-02-28T06:44:52.860Z", "created_by": "43060d3a-74b8-4588-a6a3-1a339522cc1f", "updated_by": "43060d3a-74b8-4588-a6a3-1a339522cc1f", "address_line": "", "street": "", "city": "", "state": "", "postcode": "", "country": ""}}, {"model": "common.address", "pk": "070edeae-77d1-4571-a37d-4fcde657f9f5", "fields": {"created_at": "2024-02-22T14:47:29.391Z", "updated_at": "2024-02-22T14:47:29.391Z", "created_by": "43060d3a-74b8-4588-a6a3-1a339522cc1f", "updated_by": "43060d3a-74b8-4588-a6a3-1a339522cc1f", "address_line": "", "street": "", "city": "", "state": "", "postcode": "", "country": ""}}, {"model": "common.address", "pk": "0fcb3144-4644-47ee-858b-c4766d43ee15", "fields": {"created_at": "2024-02-27T13:57:23.478Z", "updated_at": "2024-02-27T13:57:23.478Z", "created_by": "43060d3a-74b8-4588-a6a3-1a339522cc1f", "updated_by": "43060d3a-74b8-4588-a6a3-1a339522cc1f", "address_line": "", "street": "", "city": "", "state": "", "postcode": "", "country": ""}}, {"model": "common.address", "pk": "115b056e-d104-46b1-a044-1b9c5bf88ded", "fields": {"created_at": "2024-02-22T11:40:21.580Z", "updated_at": "2024-02-22T11:40:21.580Z", "created_by": "43060d3a-74b8-4588-a6a3-1a339522cc1f", "updated_by": "43060d3a-74b8-4588-a6a3-1a339522cc1f", "address_line": "", "street": "", "city": "", "state": "", "postcode": "", "country": ""}}, {"model": "common.address", "pk": "2cc8d2e9-7a7b-41ec-988f-7624b3342fe7", "fields": {"created_at": "2024-02-27T13:58:23.937Z", "updated_at": "2024-02-27T13:58:23.937Z", "created_by": "43060d3a-74b8-4588-a6a3-1a339522cc1f", "updated_by": "43060d3a-74b8-4588-a6a3-1a339522cc1f", "address_line": "", "street": "", "city": "", "state": "", "postcode": "", "country": ""}}, {"model": "common.address", "pk": "36fa2b68-0077-4cb5-afe9-451e802afdb5", "fields": {"created_at": "2024-02-27T14:38:56.037Z", "updated_at": "2024-02-27T14:38:56.037Z", "created_by": "43060d3a-74b8-4588-a6a3-1a339522cc1f", "updated_by": "43060d3a-74b8-4588-a6a3-1a339522cc1f", "address_line": "", "street": "", "city": "", "state": "", "postcode": "", "country": ""}}, {"model": "common.address", "pk": "397fa9b7-ee7b-412a-9e1b-fca935635af5", "fields": {"created_at": "2024-02-27T13:58:23.761Z", "updated_at": "2024-02-27T13:58:23.761Z", "created_by": "43060d3a-74b8-4588-a6a3-1a339522cc1f", "updated_by": "43060d3a-74b8-4588-a6a3-1a339522cc1f", "address_line": "", "street": "", "city": "", "state": "", "postcode": "", "country": ""}}, {"model": "common.address", "pk": "3d88a3ec-459a-4069-b383-007647ce8af6", "fields": {"created_at": "2024-02-22T12:06:22.453Z", "updated_at": "2024-02-22T12:06:22.453Z", "created_by": "43060d3a-74b8-4588-a6a3-1a339522cc1f", "updated_by": "43060d3a-74b8-4588-a6a3-1a339522cc1f", "address_line": "", "street": "", "city": "", "state": "", "postcode": "", "country": ""}}, {"model": "common.address", "pk": "4cdd7c75-ea94-4cdd-8d9d-086d52c6530b", "fields": {"created_at": "2024-02-23T14:25:45.825Z", "updated_at": "2024-02-23T14:25:45.825Z", "created_by": "43060d3a-74b8-4588-a6a3-1a339522cc1f", "updated_by": "43060d3a-74b8-4588-a6a3-1a339522cc1f", "address_line": "", "street": "", "city": "", "state": "", "postcode": "", "country": ""}}, {"model": "common.address", "pk": "6366579d-533a-4737-b814-f50faadd01d1", "fields": {"created_at": "2024-02-22T15:29:17.339Z", "updated_at": "2024-02-22T15:29:17.339Z", "created_by": "43060d3a-74b8-4588-a6a3-1a339522cc1f", "updated_by": "43060d3a-74b8-4588-a6a3-1a339522cc1f", "address_line": "", "street": "", "city": "", "state": "", "postcode": "", "country": ""}}, {"model": "common.address", "pk": "65322498-93e9-4f2a-92a0-b9d78f34101d", "fields": {"created_at": "2024-02-27T14:01:06.201Z", "updated_at": "2024-02-27T14:01:06.201Z", "created_by": "43060d3a-74b8-4588-a6a3-1a339522cc1f", "updated_by": "43060d3a-74b8-4588-a6a3-1a339522cc1f", "address_line": "", "street": "", "city": "", "state": "", "postcode": "", "country": ""}}, {"model": "common.address", "pk": "75c704ef-e532-4bb2-9d48-5b2d0945932c", "fields": {"created_at": "2024-02-27T14:01:05.960Z", "updated_at": "2024-02-27T14:01:05.960Z", "created_by": "43060d3a-74b8-4588-a6a3-1a339522cc1f", "updated_by": "43060d3a-74b8-4588-a6a3-1a339522cc1f", "address_line": "", "street": "", "city": "", "state": "", "postcode": "", "country": ""}}, {"model": "common.address", "pk": "8aa01da2-758c-4afd-a37a-85bb1b75c6f6", "fields": {"created_at": "2024-02-27T14:17:25.046Z", "updated_at": "2024-02-27T14:17:25.046Z", "created_by": "43060d3a-74b8-4588-a6a3-1a339522cc1f", "updated_by": "43060d3a-74b8-4588-a6a3-1a339522cc1f", "address_line": "", "street": "", "city": "", "state": "", "postcode": "", "country": ""}}, {"model": "common.address", "pk": "a22bf9a0-1c6b-40fb-a2c1-88fe7cc57c29", "fields": {"created_at": "2024-02-27T13:57:23.691Z", "updated_at": "2024-02-27T13:57:23.691Z", "created_by": "43060d3a-74b8-4588-a6a3-1a339522cc1f", "updated_by": "43060d3a-74b8-4588-a6a3-1a339522cc1f", "address_line": "", "street": "", "city": "", "state": "", "postcode": "", "country": ""}}, {"model": "common.address", "pk": "d16cf212-141c-4003-84a2-42df3e4285df", "fields": {"created_at": "2024-02-17T08:51:05.441Z", "updated_at": "2024-02-17T08:51:05.441Z", "created_by": "43060d3a-74b8-4588-a6a3-1a339522cc1f", "updated_by": "43060d3a-74b8-4588-a6a3-1a339522cc1f", "address_line": "", "street": "", "city": "", "state": "", "postcode": "", "country": ""}}, {"model": "common.address", "pk": "dea45b0c-216d-449a-b2ef-3c06551e9412", "fields": {"created_at": "2024-02-28T08:53:23.180Z", "updated_at": "2024-02-28T08:53:23.180Z", "created_by": "43060d3a-74b8-4588-a6a3-1a339522cc1f", "updated_by": "43060d3a-74b8-4588-a6a3-1a339522cc1f", "address_line": "", "street": "", "city": "", "state": "", "postcode": "", "country": ""}}, {"model": "common.address", "pk": "e246366b-6fa7-448c-8633-ea821d3d1f85", "fields": {"created_at": "2024-02-27T14:17:25.270Z", "updated_at": "2024-02-27T14:17:25.270Z", "created_by": "43060d3a-74b8-4588-a6a3-1a339522cc1f", "updated_by": "43060d3a-74b8-4588-a6a3-1a339522cc1f", "address_line": "", "street": "", "city": "", "state": "", "postcode": "", "country": ""}}, {"model": "common.address", "pk": "ed5128e6-cd27-4a3e-8b38-e1d1e4bf679c", "fields": {"created_at": "2024-02-28T06:44:52.642Z", "updated_at": "2024-02-28T06:44:52.642Z", "created_by": "43060d3a-74b8-4588-a6a3-1a339522cc1f", "updated_by": "43060d3a-74b8-4588-a6a3-1a339522cc1f", "address_line": "", "street": "", "city": "", "state": "", "postcode": "", "country": ""}}, {"model": "common.org", "pk": "3650dad3-5670-49ee-ab5c-e490a2c791bf", "fields": {"created_at": "2024-02-17T08:50:06.417Z", "updated_at": "2024-02-17T08:50:06.417Z", "created_by": "43060d3a-74b8-4588-a6a3-1a339522cc1f", "updated_by": "43060d3a-74b8-4588-a6a3-1a339522cc1f", "name": "FirstOrg", "api_key": "44ef2d60-f0a3-4dbe-8de1-75fa3d292cef", "is_active": true}}, {"model": "common.profile", "pk": "b207f32d-089a-44a9-91b6-5009e5814e86", "fields": {"created_at": "2024-02-17T08:50:06.421Z", "updated_at": "2024-02-17T08:50:06.424Z", "created_by": "43060d3a-74b8-4588-a6a3-1a339522cc1f", "updated_by": "43060d3a-74b8-4588-a6a3-1a339522cc1f", "user": "43060d3a-74b8-4588-a6a3-1a339522cc1f", "org": "3650dad3-5670-49ee-ab5c-e490a2c791bf", "phone": null, "alternate_phone": null, "address": null, "role": "ADMIN", "has_sales_access": false, "has_marketing_access": false, "is_active": true, "is_organization_admin": true, "date_of_joining": null}}, {"model": "common.attachments", "pk": "03f8add4-7c04-488a-ad7b-eabe8af99c46", "fields": {"created_at": "2024-03-01T11:32:23.786Z", "updated_at": "2024-03-01T11:32:23.787Z", "updated_by": null, "created_by": null, "file_name": "WA_IMG_202403170223.jpeg", "attachment": "attachments/2024/03/logo_6ss2dT4.jpeg", "lead": "0b28761e-72f5-4c0e-900c-1293d7f06936", "account": null, "contact": null, "opportunity": null, "case": null, "task": null, "invoice": null, "event": null}}, {"model": "common.attachments", "pk": "15bc1171-9369-4dc6-b823-396852c6be26", "fields": {"created_at": "2024-02-29T10:59:02.555Z", "updated_at": "2024-02-29T10:59:02.555Z", "updated_by": null, "created_by": null, "file_name": "WA_IMG_202402162902.pdf", "attachment": "attachments/2024/02/WA_IMG_202402162902.pdf", "lead": "0b28761e-72f5-4c0e-900c-1293d7f06936", "account": null, "contact": null, "opportunity": null, "case": null, "task": null, "invoice": null, "event": null}}, {"model": "common.attachments", "pk": "209e5e72-c84b-4881-b819-4071bc2ba67a", "fields": {"created_at": "2024-02-29T11:03:46.876Z", "updated_at": "2024-02-29T11:03:46.877Z", "updated_by": null, "created_by": null, "file_name": "WA_IMG_202402163346.ogg; codecs=opus", "attachment": "attachments/2024/02/WA_IMG_202402163346.ogg_codecsopus", "lead": "0b28761e-72f5-4c0e-900c-1293d7f06936", "account": null, "contact": null, "opportunity": null, "case": null, "task": null, "invoice": null, "event": null}}, {"model": "common.attachments", "pk": "29b96522-c3ef-457f-85ee-9c5e04839619", "fields": {"created_at": "2024-03-02T11:16:02.771Z", "updated_at": "2024-03-02T11:16:02.771Z", "updated_by": null, "created_by": null, "file_name": "WA_IMG_202403164602.jpeg", "attachment": "attachments/2024/03/WA_IMG_202403164602.jpeg", "lead": "0b28761e-72f5-4c0e-900c-1293d7f06936", "account": null, "contact": null, "opportunity": null, "case": null, "task": null, "invoice": null, "event": null}}, {"model": "common.attachments", "pk": "2accbc64-4296-43bd-87b5-af1e1ed3d4df", "fields": {"created_at": "2024-03-02T11:16:09.627Z", "updated_at": "2024-03-02T11:16:09.627Z", "updated_by": null, "created_by": null, "file_name": "WA_IMG_202403164609.jpeg", "attachment": "attachments/2024/03/WA_IMG_202403164609.jpeg", "lead": "0b28761e-72f5-4c0e-900c-1293d7f06936", "account": null, "contact": null, "opportunity": null, "case": null, "task": null, "invoice": null, "event": null}}, {"model": "common.attachments", "pk": "2cbb3082-2da4-4bde-a4aa-fd169f641cd0", "fields": {"created_at": "2024-03-02T07:01:14.206Z", "updated_at": "2024-03-02T07:01:14.206Z", "updated_by": "43060d3a-74b8-4588-a6a3-1a339522cc1f", "created_by": "43060d3a-74b8-4588-a6a3-1a339522cc1f", "file_name": "WA_IMG_202403123114.mp4", "attachment": "attachments/2024/03/SampleVideo_1280x720_1mb_zyGJAwY.mp4", "lead": "0b28761e-72f5-4c0e-900c-1293d7f06936", "account": null, "contact": null, "opportunity": null, "case": null, "task": null, "invoice": null, "event": null}}, {"model": "common.attachments", "pk": "2e666efa-0a5d-44b8-b6f9-60fa65a0adad", "fields": {"created_at": "2024-03-02T05:11:26.039Z", "updated_at": "2024-03-02T05:11:26.039Z", "updated_by": "43060d3a-74b8-4588-a6a3-1a339522cc1f", "created_by": "43060d3a-74b8-4588-a6a3-1a339522cc1f", "file_name": "WA_IMG_202403104126.png", "attachment": "attachments/2024/03/5_oaiTOvo.png", "lead": "0b28761e-72f5-4c0e-900c-1293d7f06936", "account": null, "contact": null, "opportunity": null, "case": null, "task": null, "invoice": null, "event": null}}, {"model": "common.attachments", "pk": "33544c4f-ab3a-4a2c-ab96-85fb9e20fd3f", "fields": {"created_at": "2024-02-29T10:59:51.864Z", "updated_at": "2024-02-29T10:59:51.864Z", "updated_by": null, "created_by": null, "file_name": "WA_IMG_202402162951.pdf", "attachment": "attachments/2024/02/WA_IMG_202402162951.pdf", "lead": "0b28761e-72f5-4c0e-900c-1293d7f06936", "account": null, "contact": null, "opportunity": null, "case": null, "task": null, "invoice": null, "event": null}}, {"model": "common.attachments", "pk": "349c115b-e8cb-4f14-9dda-ab1f064ba22b", "fields": {"created_at": "2024-03-02T05:16:00.431Z", "updated_at": "2024-03-02T05:16:00.431Z", "updated_by": "43060d3a-74b8-4588-a6a3-1a339522cc1f", "created_by": "43060d3a-74b8-4588-a6a3-1a339522cc1f", "file_name": "WA_IMG_202403104600.png", "attachment": "attachments/2024/03/5_YSDtfMZ.png", "lead": "0b28761e-72f5-4c0e-900c-1293d7f06936", "account": null, "contact": null, "opportunity": null, "case": null, "task": null, "invoice": null, "event": null}}, {"model": "common.attachments", "pk": "35e90142-1b96-4661-ac45-d63a5abd7eb5", "fields": {"created_at": "2024-03-02T06:46:01.924Z", "updated_at": "2024-03-02T06:46:01.924Z", "updated_by": "43060d3a-74b8-4588-a6a3-1a339522cc1f", "created_by": "43060d3a-74b8-4588-a6a3-1a339522cc1f", "file_name": "WA_IMG_202403121601.mp4", "attachment": "attachments/2024/03/SampleVideo_1280x720_1mb_Sqo07zk.mp4", "lead": "0b28761e-72f5-4c0e-900c-1293d7f06936", "account": null, "contact": null, "opportunity": null, "case": null, "task": null, "invoice": null, "event": null}}, {"model": "common.attachments", "pk": "36fa6e6f-0303-4e8c-9cb1-cacfca431880", "fields": {"created_at": "2024-02-29T11:03:58.874Z", "updated_at": "2024-02-29T11:03:58.874Z", "updated_by": null, "created_by": null, "file_name": "WA_IMG_202402163358.ogg; codecs=opus", "attachment": "attachments/2024/02/WA_IMG_202402163358.ogg_codecsopus", "lead": "0b28761e-72f5-4c0e-900c-1293d7f06936", "account": null, "contact": null, "opportunity": null, "case": null, "task": null, "invoice": null, "event": null}}, {"model": "common.attachments", "pk": "3a288b90-5a43-4cf9-813f-408a04124be4", "fields": {"created_at": "2024-03-01T11:35:53.771Z", "updated_at": "2024-03-01T11:35:53.771Z", "updated_by": null, "created_by": null, "file_name": "WA_IMG_202403170553.jpeg", "attachment": "attachments/2024/03/logo_7M8DY0f.jpeg", "lead": "0b28761e-72f5-4c0e-900c-1293d7f06936", "account": null, "contact": null, "opportunity": null, "case": null, "task": null, "invoice": null, "event": null}}, {"model": "common.attachments", "pk": "443eb281-3459-44ec-ba1b-f7ed7ad2ba45", "fields": {"created_at": "2024-02-29T12:54:46.509Z", "updated_at": "2024-02-29T12:54:46.509Z", "updated_by": null, "created_by": null, "file_name": "WA_IMG_202402182446.ogg; codecs=opus", "attachment": "attachments/2024/02/WA_IMG_202402182446.ogg_codecsopus", "lead": "0b28761e-72f5-4c0e-900c-1293d7f06936", "account": null, "contact": null, "opportunity": null, "case": null, "task": null, "invoice": null, "event": null}}, {"model": "common.attachments", "pk": "464f3447-d9c9-42e7-a899-a58254be8322", "fields": {"created_at": "2024-03-02T06:05:50.017Z", "updated_at": "2024-03-02T06:05:50.017Z", "updated_by": "43060d3a-74b8-4588-a6a3-1a339522cc1f", "created_by": "43060d3a-74b8-4588-a6a3-1a339522cc1f", "file_name": "WA_IMG_202403113550.mp4", "attachment": "attachments/2024/03/SampleVideo_1280x720_1mb_rKoBpbr.mp4", "lead": "0b28761e-72f5-4c0e-900c-1293d7f06936", "account": null, "contact": null, "opportunity": null, "case": null, "task": null, "invoice": null, "event": null}}, {"model": "common.attachments", "pk": "484cf7b7-55e1-4a94-9d72-34206b8fd423", "fields": {"created_at": "2024-03-01T12:46:44.746Z", "updated_at": "2024-03-01T12:46:44.746Z", "updated_by": "43060d3a-74b8-4588-a6a3-1a339522cc1f", "created_by": "43060d3a-74b8-4588-a6a3-1a339522cc1f", "file_name": "WA_IMG_202403181644.jpeg", "attachment": "attachments/2024/03/logo_y4nF8jd.jpeg", "lead": "0b28761e-72f5-4c0e-900c-1293d7f06936", "account": null, "contact": null, "opportunity": null, "case": null, "task": null, "invoice": null, "event": null}}, {"model": "common.attachments", "pk": "4ba40f90-fb03-4ad3-9b09-9fa53b031527", "fields": {"created_at": "2024-03-01T12:23:22.647Z", "updated_at": "2024-03-01T12:23:22.647Z", "updated_by": "43060d3a-74b8-4588-a6a3-1a339522cc1f", "created_by": "43060d3a-74b8-4588-a6a3-1a339522cc1f", "file_name": "WA_IMG_202403175322.jpeg", "attachment": "attachments/2024/03/logo_SI9iKJM.jpeg", "lead": "0b28761e-72f5-4c0e-900c-1293d7f06936", "account": null, "contact": null, "opportunity": null, "case": null, "task": null, "invoice": null, "event": null}}, {"model": "common.attachments", "pk": "511b6dec-50ac-4390-b21b-a3f497cbc08c", "fields": {"created_at": "2024-02-29T11:04:10.416Z", "updated_at": "2024-02-29T11:04:10.416Z", "updated_by": null, "created_by": null, "file_name": "WA_IMG_202402163410.ogg; codecs=opus", "attachment": "attachments/2024/02/WA_IMG_202402163410.ogg_codecsopus", "lead": "0b28761e-72f5-4c0e-900c-1293d7f06936", "account": null, "contact": null, "opportunity": null, "case": null, "task": null, "invoice": null, "event": null}}, {"model": "common.attachments", "pk": "525becd8-0a85-476c-bd7c-5d04a690dbf8", "fields": {"created_at": "2024-02-29T10:51:30.547Z", "updated_at": "2024-02-29T10:51:30.547Z", "updated_by": null, "created_by": null, "file_name": "WA_IMG_202402162130.jpeg", "attachment": "attachments/2024/02/WA_IMG_202402162130.jpeg", "lead": "0b28761e-72f5-4c0e-900c-1293d7f06936", "account": null, "contact": null, "opportunity": null, "case": null, "task": null, "invoice": null, "event": null}}, {"model": "common.attachments", "pk": "53eaaca7-061a-4a51-827a-4d3e9194592e", "fields": {"created_at": "2024-02-29T11:10:55.703Z", "updated_at": "2024-02-29T11:10:55.703Z", "updated_by": null, "created_by": null, "file_name": "WA_IMG_202402164055.ogg; codecs=opus", "attachment": "attachments/2024/02/WA_IMG_202402164055.ogg_codecsopus", "lead": "0b28761e-72f5-4c0e-900c-1293d7f06936", "account": null, "contact": null, "opportunity": null, "case": null, "task": null, "invoice": null, "event": null}}, {"model": "common.attachments", "pk": "54267426-045d-45ce-90fe-0243a83c9831", "fields": {"created_at": "2024-03-01T12:38:55.576Z", "updated_at": "2024-03-01T12:38:55.576Z", "updated_by": "43060d3a-74b8-4588-a6a3-1a339522cc1f", "created_by": "43060d3a-74b8-4588-a6a3-1a339522cc1f", "file_name": "WA_IMG_202403180855.png", "attachment": "attachments/2024/03/DSA_2GnNVSN.png", "lead": "0b28761e-72f5-4c0e-900c-1293d7f06936", "account": null, "contact": null, "opportunity": null, "case": null, "task": null, "invoice": null, "event": null}}, {"model": "common.attachments", "pk": "5d3dcbd2-4a96-4433-84f8-d74fc8e72b9d", "fields": {"created_at": "2024-03-02T05:05:50.166Z", "updated_at": "2024-03-02T05:05:50.166Z", "updated_by": "43060d3a-74b8-4588-a6a3-1a339522cc1f", "created_by": "43060d3a-74b8-4588-a6a3-1a339522cc1f", "file_name": "WA_IMG_202403103550.png", "attachment": "attachments/2024/03/5_KKjqtTe.png", "lead": "0b28761e-72f5-4c0e-900c-1293d7f06936", "account": null, "contact": null, "opportunity": null, "case": null, "task": null, "invoice": null, "event": null}}, {"model": "common.attachments", "pk": "612617b2-9edb-434a-b64c-1cdb92901a2e", "fields": {"created_at": "2024-03-01T12:36:26.773Z", "updated_at": "2024-03-01T12:36:26.773Z", "updated_by": "43060d3a-74b8-4588-a6a3-1a339522cc1f", "created_by": "43060d3a-74b8-4588-a6a3-1a339522cc1f", "file_name": "WA_IMG_202403180626.jpeg", "attachment": "attachments/2024/03/logo_7zrlYRH.jpeg", "lead": "0b28761e-72f5-4c0e-900c-1293d7f06936", "account": null, "contact": null, "opportunity": null, "case": null, "task": null, "invoice": null, "event": null}}, {"model": "common.attachments", "pk": "623dc080-5833-490c-8e66-a4b9946b1b32", "fields": {"created_at": "2024-03-02T05:10:38.500Z", "updated_at": "2024-03-02T05:10:38.500Z", "updated_by": "43060d3a-74b8-4588-a6a3-1a339522cc1f", "created_by": "43060d3a-74b8-4588-a6a3-1a339522cc1f", "file_name": "WA_IMG_202403104038.png", "attachment": "attachments/2024/03/5_6ITzOwA.png", "lead": "0b28761e-72f5-4c0e-900c-1293d7f06936", "account": null, "contact": null, "opportunity": null, "case": null, "task": null, "invoice": null, "event": null}}, {"model": "common.attachments", "pk": "63a22315-70e3-4065-bb39-fcb6692766be", "fields": {"created_at": "2024-03-01T11:31:39.681Z", "updated_at": "2024-03-01T11:31:39.681Z", "updated_by": null, "created_by": null, "file_name": "WA_IMG_202403170139.jpeg", "attachment": "attachments/2024/03/logo.jpeg", "lead": "0b28761e-72f5-4c0e-900c-1293d7f06936", "account": null, "contact": null, "opportunity": null, "case": null, "task": null, "invoice": null, "event": null}}, {"model": "common.attachments", "pk": "6c49bd05-bf96-4e4b-96a5-cad52fcc8715", "fields": {"created_at": "2024-03-01T12:41:38.613Z", "updated_at": "2024-03-01T12:41:38.613Z", "updated_by": "43060d3a-74b8-4588-a6a3-1a339522cc1f", "created_by": "43060d3a-74b8-4588-a6a3-1a339522cc1f", "file_name": "WA_IMG_202403181138.png", "attachment": "attachments/2024/03/DSA_z24209c.png", "lead": "0b28761e-72f5-4c0e-900c-1293d7f06936", "account": null, "contact": null, "opportunity": null, "case": null, "task": null, "invoice": null, "event": null}}, {"model": "common.attachments", "pk": "71468a83-f36c-45fa-8742-875713bbc19f", "fields": {"created_at": "2024-03-01T12:35:11.771Z", "updated_at": "2024-03-01T12:35:11.771Z", "updated_by": "43060d3a-74b8-4588-a6a3-1a339522cc1f", "created_by": "43060d3a-74b8-4588-a6a3-1a339522cc1f", "file_name": "WA_IMG_202403180511.jpeg", "attachment": "attachments/2024/03/logo_7eg81lD.jpeg", "lead": "0b28761e-72f5-4c0e-900c-1293d7f06936", "account": null, "contact": null, "opportunity": null, "case": null, "task": null, "invoice": null, "event": null}}, {"model": "common.attachments", "pk": "744be60b-1780-4a49-961c-d27d06882b9c", "fields": {"created_at": "2024-02-29T11:49:44.597Z", "updated_at": "2024-02-29T11:49:44.597Z", "updated_by": null, "created_by": null, "file_name": "WA_IMG_202402171944.jpeg", "attachment": "attachments/2024/02/WA_IMG_202402171944.jpeg", "lead": "0b28761e-72f5-4c0e-900c-1293d7f06936", "account": null, "contact": null, "opportunity": null, "case": null, "task": null, "invoice": null, "event": null}}, {"model": "common.attachments", "pk": "793ea13a-cbce-4187-a832-dc98b5f31682", "fields": {"created_at": "2024-03-01T13:39:50.448Z", "updated_at": "2024-03-01T13:39:50.448Z", "updated_by": "43060d3a-74b8-4588-a6a3-1a339522cc1f", "created_by": "43060d3a-74b8-4588-a6a3-1a339522cc1f", "file_name": "WA_IMG_202403190950.webm", "attachment": "attachments/2024/03/demo.webm", "lead": "0b28761e-72f5-4c0e-900c-1293d7f06936", "account": null, "contact": null, "opportunity": null, "case": null, "task": null, "invoice": null, "event": null}}, {"model": "common.attachments", "pk": "7acf3335-0ec0-48a1-831b-a651e3ac5b11", "fields": {"created_at": "2024-03-02T06:10:13.545Z", "updated_at": "2024-03-02T06:10:13.545Z", "updated_by": "43060d3a-74b8-4588-a6a3-1a339522cc1f", "created_by": "43060d3a-74b8-4588-a6a3-1a339522cc1f", "file_name": "WA_IMG_202403114013.mp4", "attachment": "attachments/2024/03/SampleVideo_1280x720_1mb_m97uvxx.mp4", "lead": "0b28761e-72f5-4c0e-900c-1293d7f06936", "account": null, "contact": null, "opportunity": null, "case": null, "task": null, "invoice": null, "event": null}}, {"model": "common.attachments", "pk": "815d238f-c805-486e-9fa5-c011229ace51", "fields": {"created_at": "2024-03-02T06:41:42.930Z", "updated_at": "2024-03-02T06:41:42.930Z", "updated_by": "43060d3a-74b8-4588-a6a3-1a339522cc1f", "created_by": "43060d3a-74b8-4588-a6a3-1a339522cc1f", "file_name": "WA_IMG_202403121142.mp4", "attachment": "attachments/2024/03/SampleVideo_1280x720_1mb_gYjqsXA.mp4", "lead": "0b28761e-72f5-4c0e-900c-1293d7f06936", "account": null, "contact": null, "opportunity": null, "case": null, "task": null, "invoice": null, "event": null}}, {"model": "common.attachments", "pk": "81979904-d5f3-4c28-9bdd-3abdaf1dbd1f", "fields": {"created_at": "2024-02-29T12:01:26.192Z", "updated_at": "2024-02-29T12:01:26.192Z", "updated_by": null, "created_by": null, "file_name": "WA_IMG_202402173126.jpeg", "attachment": "attachments/2024/02/WA_IMG_202402173126.jpeg", "lead": "0b28761e-72f5-4c0e-900c-1293d7f06936", "account": null, "contact": null, "opportunity": null, "case": null, "task": null, "invoice": null, "event": null}}, {"model": "common.attachments", "pk": "85ff4568-15f3-4053-bb4b-f444f310b1c3", "fields": {"created_at": "2024-03-02T11:16:05.147Z", "updated_at": "2024-03-02T11:16:05.147Z", "updated_by": null, "created_by": null, "file_name": "WA_IMG_202403164605.jpeg", "attachment": "attachments/2024/03/WA_IMG_202403164605.jpeg", "lead": "0b28761e-72f5-4c0e-900c-1293d7f06936", "account": null, "contact": null, "opportunity": null, "case": null, "task": null, "invoice": null, "event": null}}, {"model": "common.attachments", "pk": "8883b0ff-f581-41fe-8a1d-e42c2c5e2942", "fields": {"created_at": "2024-03-01T11:34:44.199Z", "updated_at": "2024-03-01T11:34:44.199Z", "updated_by": null, "created_by": null, "file_name": "WA_IMG_202403170444.jpeg", "attachment": "attachments/2024/03/logo_GcfkSuM.jpeg", "lead": "0b28761e-72f5-4c0e-900c-1293d7f06936", "account": null, "contact": null, "opportunity": null, "case": null, "task": null, "invoice": null, "event": null}}, {"model": "common.attachments", "pk": "88b3df82-1421-4326-99a5-31dcd378b27b", "fields": {"created_at": "2024-02-29T10:59:00.123Z", "updated_at": "2024-02-29T10:59:00.123Z", "updated_by": null, "created_by": null, "file_name": "WA_IMG_202402162900.pdf", "attachment": "attachments/2024/02/WA_IMG_202402162900.pdf", "lead": "0b28761e-72f5-4c0e-900c-1293d7f06936", "account": null, "contact": null, "opportunity": null, "case": null, "task": null, "invoice": null, "event": null}}, {"model": "common.attachments", "pk": "89996870-3adb-4e17-83f5-afe100bc17e3", "fields": {"created_at": "2024-03-01T12:45:53.550Z", "updated_at": "2024-03-01T12:45:53.550Z", "updated_by": "43060d3a-74b8-4588-a6a3-1a339522cc1f", "created_by": "43060d3a-74b8-4588-a6a3-1a339522cc1f", "file_name": "WA_IMG_202403181553.jpeg", "attachment": "attachments/2024/03/logo_g85UKfA.jpeg", "lead": "0b28761e-72f5-4c0e-900c-1293d7f06936", "account": null, "contact": null, "opportunity": null, "case": null, "task": null, "invoice": null, "event": null}}, {"model": "common.attachments", "pk": "949a126a-8745-467a-960a-a942e5b7ee4c", "fields": {"created_at": "2024-03-02T05:13:11.779Z", "updated_at": "2024-03-02T05:13:11.779Z", "updated_by": "43060d3a-74b8-4588-a6a3-1a339522cc1f", "created_by": "43060d3a-74b8-4588-a6a3-1a339522cc1f", "file_name": "WA_IMG_202403104311.png", "attachment": "attachments/2024/03/5_IsuQzKA.png", "lead": "0b28761e-72f5-4c0e-900c-1293d7f06936", "account": null, "contact": null, "opportunity": null, "case": null, "task": null, "invoice": null, "event": null}}, {"model": "common.attachments", "pk": "95071bfa-cc6b-4182-97b3-225c0a1c96ad", "fields": {"created_at": "2024-02-29T11:04:36.091Z", "updated_at": "2024-02-29T11:04:36.091Z", "updated_by": null, "created_by": null, "file_name": "WA_IMG_202402163436.ogg; codecs=opus", "attachment": "attachments/2024/02/WA_IMG_202402163436.ogg_codecsopus", "lead": "0b28761e-72f5-4c0e-900c-1293d7f06936", "account": null, "contact": null, "opportunity": null, "case": null, "task": null, "invoice": null, "event": null}}, {"model": "common.attachments", "pk": "968a559e-5f58-46b2-b07f-aeb7cca116c0", "fields": {"created_at": "2024-03-01T12:22:23.232Z", "updated_at": "2024-03-01T12:22:23.232Z", "updated_by": "43060d3a-74b8-4588-a6a3-1a339522cc1f", "created_by": "43060d3a-74b8-4588-a6a3-1a339522cc1f", "file_name": "WA_IMG_202403175223.jpeg", "attachment": "attachments/2024/03/logo_vPaAWwQ.jpeg", "lead": "0b28761e-72f5-4c0e-900c-1293d7f06936", "account": null, "contact": null, "opportunity": null, "case": null, "task": null, "invoice": null, "event": null}}, {"model": "common.attachments", "pk": "973d4dbd-f61a-4fce-9de5-f040080b96a7", "fields": {"created_at": "2024-03-02T06:42:57.466Z", "updated_at": "2024-03-02T06:42:57.466Z", "updated_by": "43060d3a-74b8-4588-a6a3-1a339522cc1f", "created_by": "43060d3a-74b8-4588-a6a3-1a339522cc1f", "file_name": "WA_IMG_202403121257.mp4", "attachment": "attachments/2024/03/SampleVideo_1280x720_1mb_7fDyXjI.mp4", "lead": "0b28761e-72f5-4c0e-900c-1293d7f06936", "account": null, "contact": null, "opportunity": null, "case": null, "task": null, "invoice": null, "event": null}}, {"model": "common.attachments", "pk": "99c1e1a4-9407-455a-9774-634786e35071", "fields": {"created_at": "2024-02-29T12:37:03.496Z", "updated_at": "2024-02-29T12:37:03.496Z", "updated_by": null, "created_by": null, "file_name": "WA_IMG_202402180703.jpeg", "attachment": "attachments/2024/02/WA_IMG_202402180703.jpeg", "lead": "0b28761e-72f5-4c0e-900c-1293d7f06936", "account": null, "contact": null, "opportunity": null, "case": null, "task": null, "invoice": null, "event": null}}, {"model": "common.attachments", "pk": "9b8bdefd-358e-49e2-9dc6-c59d3b9482bb", "fields": {"created_at": "2024-03-02T11:22:36.972Z", "updated_at": "2024-03-02T11:22:36.972Z", "updated_by": null, "created_by": null, "file_name": "WA_IMG_202403165236.jpeg", "attachment": "attachments/2024/03/WA_IMG_202403165236.jpeg", "lead": "0b28761e-72f5-4c0e-900c-1293d7f06936", "account": null, "contact": null, "opportunity": null, "case": null, "task": null, "invoice": null, "event": null}}, {"model": "common.attachments", "pk": "9e3c6692-f2ec-460f-adf5-820844a3b0fa", "fields": {"created_at": "2024-03-02T06:03:25.389Z", "updated_at": "2024-03-02T06:03:25.389Z", "updated_by": "43060d3a-74b8-4588-a6a3-1a339522cc1f", "created_by": "43060d3a-74b8-4588-a6a3-1a339522cc1f", "file_name": "WA_IMG_202403113325.webm", "attachment": "attachments/2024/03/demo2.webm", "lead": "0b28761e-72f5-4c0e-900c-1293d7f06936", "account": null, "contact": null, "opportunity": null, "case": null, "task": null, "invoice": null, "event": null}}, {"model": "common.attachments", "pk": "9ea1933c-0568-4430-bdc0-03b42ac674b8", "fields": {"created_at": "2024-03-01T12:37:20.998Z", "updated_at": "2024-03-01T12:37:20.998Z", "updated_by": "43060d3a-74b8-4588-a6a3-1a339522cc1f", "created_by": "43060d3a-74b8-4588-a6a3-1a339522cc1f", "file_name": "WA_IMG_202403180720.png", "attachment": "attachments/2024/03/DSA.png", "lead": "0b28761e-72f5-4c0e-900c-1293d7f06936", "account": null, "contact": null, "opportunity": null, "case": null, "task": null, "invoice": null, "event": null}}, {"model": "common.attachments", "pk": "9ffe5788-262d-48f4-8189-ee23d7f96103", "fields": {"created_at": "2024-02-29T10:58:49.402Z", "updated_at": "2024-02-29T10:58:49.402Z", "updated_by": null, "created_by": null, "file_name": "WA_IMG_202402162849.pdf", "attachment": "attachments/2024/02/WA_IMG_202402162849.pdf", "lead": "0b28761e-72f5-4c0e-900c-1293d7f06936", "account": null, "contact": null, "opportunity": null, "case": null, "task": null, "invoice": null, "event": null}}, {"model": "common.attachments", "pk": "a0648b0e-8e73-4c86-bbcf-844467605974", "fields": {"created_at": "2024-02-29T11:03:43.690Z", "updated_at": "2024-02-29T11:03:43.690Z", "updated_by": null, "created_by": null, "file_name": "WA_IMG_202402163343.ogg; codecs=opus", "attachment": "attachments/2024/02/WA_IMG_202402163343.ogg_codecsopus", "lead": "0b28761e-72f5-4c0e-900c-1293d7f06936", "account": null, "contact": null, "opportunity": null, "case": null, "task": null, "invoice": null, "event": null}}, {"model": "common.attachments", "pk": "a69ab592-b21e-437a-8b3b-779432d07aa4", "fields": {"created_at": "2024-03-02T05:06:22.130Z", "updated_at": "2024-03-02T05:06:22.130Z", "updated_by": "43060d3a-74b8-4588-a6a3-1a339522cc1f", "created_by": "43060d3a-74b8-4588-a6a3-1a339522cc1f", "file_name": "WA_IMG_202403103622.png", "attachment": "attachments/2024/03/5_Z2zlcaY.png", "lead": "0b28761e-72f5-4c0e-900c-1293d7f06936", "account": null, "contact": null, "opportunity": null, "case": null, "task": null, "invoice": null, "event": null}}, {"model": "common.attachments", "pk": "a95c352e-789a-4b63-bb44-a1149e10d43d", "fields": {"created_at": "2024-03-02T06:41:10.819Z", "updated_at": "2024-03-02T06:41:10.819Z", "updated_by": "43060d3a-74b8-4588-a6a3-1a339522cc1f", "created_by": "43060d3a-74b8-4588-a6a3-1a339522cc1f", "file_name": "WA_IMG_202403121110.mp4", "attachment": "attachments/2024/03/SampleVideo_1280x720_1mb_VaJWzMy.mp4", "lead": "0b28761e-72f5-4c0e-900c-1293d7f06936", "account": null, "contact": null, "opportunity": null, "case": null, "task": null, "invoice": null, "event": null}}, {"model": "common.attachments", "pk": "ab50d860-963b-47f3-ae15-f1cf3e29c09c", "fields": {"created_at": "2024-02-29T12:42:57.611Z", "updated_at": "2024-02-29T12:42:57.611Z", "updated_by": null, "created_by": null, "file_name": "WA_IMG_202402181257.pdf", "attachment": "attachments/2024/02/WA_IMG_202402181257.pdf", "lead": "0b28761e-72f5-4c0e-900c-1293d7f06936", "account": null, "contact": null, "opportunity": null, "case": null, "task": null, "invoice": null, "event": null}}, {"model": "common.attachments", "pk": "abfa6777-9ea8-4fff-930c-b8311f0a10ae", "fields": {"created_at": "2024-03-02T06:07:50.859Z", "updated_at": "2024-03-02T06:07:50.859Z", "updated_by": "43060d3a-74b8-4588-a6a3-1a339522cc1f", "created_by": "43060d3a-74b8-4588-a6a3-1a339522cc1f", "file_name": "WA_IMG_202403113750.mp4", "attachment": "attachments/2024/03/SampleVideo_1280x720_1mb_l2gIiVf.mp4", "lead": "0b28761e-72f5-4c0e-900c-1293d7f06936", "account": null, "contact": null, "opportunity": null, "case": null, "task": null, "invoice": null, "event": null}}, {"model": "common.attachments", "pk": "b0bd873b-e9e7-48ac-bf89-cafd31d02334", "fields": {"created_at": "2024-03-01T12:29:10.329Z", "updated_at": "2024-03-01T12:29:10.329Z", "updated_by": "43060d3a-74b8-4588-a6a3-1a339522cc1f", "created_by": "43060d3a-74b8-4588-a6a3-1a339522cc1f", "file_name": "WA_IMG_202403175910.jpeg", "attachment": "attachments/2024/03/logo_dQZ3z9M.jpeg", "lead": "0b28761e-72f5-4c0e-900c-1293d7f06936", "account": null, "contact": null, "opportunity": null, "case": null, "task": null, "invoice": null, "event": null}}, {"model": "common.attachments", "pk": "b3079418-b17d-47fb-86af-c7f82c8322dc", "fields": {"created_at": "2024-03-02T11:16:36.551Z", "updated_at": "2024-03-02T11:16:36.551Z", "updated_by": null, "created_by": null, "file_name": "WA_IMG_202403164636.jpeg", "attachment": "attachments/2024/03/WA_IMG_202403164636.jpeg", "lead": "0b28761e-72f5-4c0e-900c-1293d7f06936", "account": null, "contact": null, "opportunity": null, "case": null, "task": null, "invoice": null, "event": null}}, {"model": "common.attachments", "pk": "ba4046c0-d718-40be-85a1-4db791d7680b", "fields": {"created_at": "2024-03-02T05:04:58.745Z", "updated_at": "2024-03-02T05:04:58.745Z", "updated_by": "43060d3a-74b8-4588-a6a3-1a339522cc1f", "created_by": "43060d3a-74b8-4588-a6a3-1a339522cc1f", "file_name": "WA_IMG_202403103458.png", "attachment": "attachments/2024/03/5.png", "lead": "0b28761e-72f5-4c0e-900c-1293d7f06936", "account": null, "contact": null, "opportunity": null, "case": null, "task": null, "invoice": null, "event": null}}, {"model": "common.attachments", "pk": "bcf7c0b7-6c5b-4f5a-b6f2-d662513afbea", "fields": {"created_at": "2024-02-29T12:09:36.582Z", "updated_at": "2024-02-29T12:09:36.582Z", "updated_by": null, "created_by": null, "file_name": "WA_IMG_202402173936.jpeg", "attachment": "attachments/2024/02/WA_IMG_202402173936.jpeg", "lead": "0b28761e-72f5-4c0e-900c-1293d7f06936", "account": null, "contact": null, "opportunity": null, "case": null, "task": null, "invoice": null, "event": null}}, {"model": "common.attachments", "pk": "be11e606-532e-448c-ab74-50e2be52c7a2", "fields": {"created_at": "2024-03-01T12:47:34.626Z", "updated_at": "2024-03-01T12:47:34.626Z", "updated_by": "43060d3a-74b8-4588-a6a3-1a339522cc1f", "created_by": "43060d3a-74b8-4588-a6a3-1a339522cc1f", "file_name": "WA_IMG_202403181734.jpeg", "attachment": "attachments/2024/03/logo_hYqiwvP.jpeg", "lead": "0b28761e-72f5-4c0e-900c-1293d7f06936", "account": null, "contact": null, "opportunity": null, "case": null, "task": null, "invoice": null, "event": null}}, {"model": "common.attachments", "pk": "c2c06a31-7788-4b64-a131-a11350e169ed", "fields": {"created_at": "2024-03-02T07:01:24.642Z", "updated_at": "2024-03-02T07:01:24.642Z", "updated_by": "43060d3a-74b8-4588-a6a3-1a339522cc1f", "created_by": "43060d3a-74b8-4588-a6a3-1a339522cc1f", "file_name": "WA_IMG_202403123124.mp4", "attachment": "attachments/2024/03/SampleVideo_1280x720_1mb_nMXK9uR.mp4", "lead": "0b28761e-72f5-4c0e-900c-1293d7f06936", "account": null, "contact": null, "opportunity": null, "case": null, "task": null, "invoice": null, "event": null}}, {"model": "common.attachments", "pk": "cca10d0c-2382-4d7b-b17f-3090aa1d3cb5", "fields": {"created_at": "2024-03-02T05:15:26.240Z", "updated_at": "2024-03-02T05:15:26.240Z", "updated_by": "43060d3a-74b8-4588-a6a3-1a339522cc1f", "created_by": "43060d3a-74b8-4588-a6a3-1a339522cc1f", "file_name": "WA_IMG_202403104526.png", "attachment": "attachments/2024/03/5_QF4yDem.png", "lead": "0b28761e-72f5-4c0e-900c-1293d7f06936", "account": null, "contact": null, "opportunity": null, "case": null, "task": null, "invoice": null, "event": null}}, {"model": "common.attachments", "pk": "cd213198-cae2-4532-bf8f-faf5fd4bd3a2", "fields": {"created_at": "2024-03-02T05:07:23.126Z", "updated_at": "2024-03-02T05:07:23.126Z", "updated_by": "43060d3a-74b8-4588-a6a3-1a339522cc1f", "created_by": "43060d3a-74b8-4588-a6a3-1a339522cc1f", "file_name": "WA_IMG_202403103723.png", "attachment": "attachments/2024/03/5_G9cYHcW.png", "lead": "0b28761e-72f5-4c0e-900c-1293d7f06936", "account": null, "contact": null, "opportunity": null, "case": null, "task": null, "invoice": null, "event": null}}, {"model": "common.attachments", "pk": "dacf4d6e-722f-447e-8e52-11311bd40a7f", "fields": {"created_at": "2024-03-02T06:05:05.187Z", "updated_at": "2024-03-02T06:05:05.187Z", "updated_by": "43060d3a-74b8-4588-a6a3-1a339522cc1f", "created_by": "43060d3a-74b8-4588-a6a3-1a339522cc1f", "file_name": "WA_IMG_202403113505.mp4", "attachment": "attachments/2024/03/SampleVideo_1280x720_1mb.mp4", "lead": "0b28761e-72f5-4c0e-900c-1293d7f06936", "account": null, "contact": null, "opportunity": null, "case": null, "task": null, "invoice": null, "event": null}}, {"model": "common.attachments", "pk": "df0e73ed-0cbc-4765-95a1-885c2240d8b9", "fields": {"created_at": "2024-03-02T07:05:18.392Z", "updated_at": "2024-03-02T07:05:18.392Z", "updated_by": "43060d3a-74b8-4588-a6a3-1a339522cc1f", "created_by": "43060d3a-74b8-4588-a6a3-1a339522cc1f", "file_name": "WA_IMG_202403123518.mp4", "attachment": "attachments/2024/03/SampleVideo_1280x720_1mb_VKmgr1N.mp4", "lead": "0b28761e-72f5-4c0e-900c-1293d7f06936", "account": null, "contact": null, "opportunity": null, "case": null, "task": null, "invoice": null, "event": null}}, {"model": "common.attachments", "pk": "df360d86-e238-494d-bbed-88aad621fe83", "fields": {"created_at": "2024-02-29T10:59:10.842Z", "updated_at": "2024-02-29T10:59:10.842Z", "updated_by": null, "created_by": null, "file_name": "WA_IMG_202402162910.pdf", "attachment": "attachments/2024/02/WA_IMG_202402162910.pdf", "lead": "0b28761e-72f5-4c0e-900c-1293d7f06936", "account": null, "contact": null, "opportunity": null, "case": null, "task": null, "invoice": null, "event": null}}, {"model": "common.attachments", "pk": "e6d042f0-70f1-4dd0-8fac-397c0ccc51ef", "fields": {"created_at": "2024-03-01T12:44:36.172Z", "updated_at": "2024-03-01T12:44:36.172Z", "updated_by": "43060d3a-74b8-4588-a6a3-1a339522cc1f", "created_by": "43060d3a-74b8-4588-a6a3-1a339522cc1f", "file_name": "WA_IMG_202403181436.jpeg", "attachment": "attachments/2024/03/logo_rivOuLr.jpeg", "lead": "0b28761e-72f5-4c0e-900c-1293d7f06936", "account": null, "contact": null, "opportunity": null, "case": null, "task": null, "invoice": null, "event": null}}, {"model": "common.attachments", "pk": "e7b3442d-7023-49b0-8560-39c907334e7f", "fields": {"created_at": "2024-03-02T05:16:20.157Z", "updated_at": "2024-03-02T05:16:20.157Z", "updated_by": "43060d3a-74b8-4588-a6a3-1a339522cc1f", "created_by": "43060d3a-74b8-4588-a6a3-1a339522cc1f", "file_name": "WA_IMG_202403104620.webm", "attachment": "attachments/2024/03/demo3.webm", "lead": "0b28761e-72f5-4c0e-900c-1293d7f06936", "account": null, "contact": null, "opportunity": null, "case": null, "task": null, "invoice": null, "event": null}}, {"model": "common.attachments", "pk": "e85b26a1-d78a-4fcc-82ea-ee4512b0a714", "fields": {"created_at": "2024-02-29T11:06:27.870Z", "updated_at": "2024-02-29T11:06:27.870Z", "updated_by": null, "created_by": null, "file_name": "WA_IMG_202402163627.pdf", "attachment": "attachments/2024/02/WA_IMG_202402163627.pdf", "lead": "0b28761e-72f5-4c0e-900c-1293d7f06936", "account": null, "contact": null, "opportunity": null, "case": null, "task": null, "invoice": null, "event": null}}, {"model": "common.attachments", "pk": "f6435eb0-e9e8-41cc-8cb9-6367d6fe227c", "fields": {"created_at": "2024-03-02T05:15:41.190Z", "updated_at": "2024-03-02T05:15:41.190Z", "updated_by": "43060d3a-74b8-4588-a6a3-1a339522cc1f", "created_by": "43060d3a-74b8-4588-a6a3-1a339522cc1f", "file_name": "WA_IMG_202403104541.png", "attachment": "attachments/2024/03/5_uSii2Xe.png", "lead": "0b28761e-72f5-4c0e-900c-1293d7f06936", "account": null, "contact": null, "opportunity": null, "case": null, "task": null, "invoice": null, "event": null}}, {"model": "common.attachments", "pk": "fe53a5b1-dae4-4f2c-b5c4-5879feb535d0", "fields": {"created_at": "2024-03-01T12:26:49.450Z", "updated_at": "2024-03-01T12:26:49.450Z", "updated_by": "43060d3a-74b8-4588-a6a3-1a339522cc1f", "created_by": "43060d3a-74b8-4588-a6a3-1a339522cc1f", "file_name": "WA_IMG_202403175649.jpeg", "attachment": "attachments/2024/03/logo_WIii2Iy.jpeg", "lead": "0b28761e-72f5-4c0e-900c-1293d7f06936", "account": null, "contact": null, "opportunity": null, "case": null, "task": null, "invoice": null, "event": null}}, {"model": "contacts.contact", "pk": "060b9d8d-0ed3-4191-9e1a-51027b3b348d", "fields": {"created_at": "2024-02-28T06:44:52.648Z", "updated_at": "2024-02-28T06:44:52.652Z", "created_by": "43060d3a-74b8-4588-a6a3-1a339522cc1f", "updated_by": "43060d3a-74b8-4588-a6a3-1a339522cc1f", "salutation": "", "first_name": "Zubair", "last_name": "Sir", "date_of_birth": null, "organization": null, "title": "", "primary_email": "zubair123@gmail.com", "secondary_email": "", "mobile_number": "+917774019249", "secondary_number": null, "department": null, "language": null, "do_not_call": false, "address": "ed5128e6-cd27-4a3e-8b38-e1d1e4bf679c", "description": null, "linked_in_url": null, "facebook_url": null, "twitter_username": null, "is_active": false, "org": "3650dad3-5670-49ee-ab5c-e490a2c791bf", "country": null, "assigned_to": [], "teams": []}}, {"model": "contacts.contact", "pk": "49a60de9-4558-43df-a9df-e0729846f129", "fields": {"created_at": "2024-02-28T06:44:52.867Z", "updated_at": "2024-02-28T06:44:52.870Z", "created_by": "43060d3a-74b8-4588-a6a3-1a339522cc1f", "updated_by": "43060d3a-74b8-4588-a6a3-1a339522cc1f", "salutation": "", "first_name": "Noman", "last_name": "Sathi", "date_of_birth": null, "organization": null, "title": "", "primary_email": "nomansathi@email.com", "secondary_email": "", "mobile_number": "+918087195315", "secondary_number": null, "department": null, "language": null, "do_not_call": false, "address": "0519ea72-1ef0-430f-86d5-63f7e3e9ae93", "description": null, "linked_in_url": null, "facebook_url": null, "twitter_username": null, "is_active": false, "org": "3650dad3-5670-49ee-ab5c-e490a2c791bf", "country": null, "assigned_to": [], "teams": []}}, {"model": "contacts.contact", "pk": "ba32cce0-ad4a-4436-9dfd-7b0fa933f703", "fields": {"created_at": "2024-02-28T08:53:23.182Z", "updated_at": "2024-02-28T08:53:23.185Z", "created_by": "43060d3a-74b8-4588-a6a3-1a339522cc1f", "updated_by": "43060d3a-74b8-4588-a6a3-1a339522cc1f", "salutation": "", "first_name": "Shaikh Mudassir", "last_name": "Shaikh Mudassir", "date_of_birth": null, "organization": null, "title": "", "primary_email": "Shaikh@email.temp", "secondary_email": "", "mobile_number": "+919096053970", "secondary_number": null, "department": null, "language": null, "do_not_call": false, "address": "dea45b0c-216d-449a-b2ef-3c06551e9412", "description": null, "linked_in_url": null, "facebook_url": null, "twitter_username": null, "is_active": false, "org": "3650dad3-5670-49ee-ab5c-e490a2c791bf", "country": null, "assigned_to": [], "teams": []}}, {"model": "leads.lead", "pk": "0b28761e-72f5-4c0e-900c-1293d7f06936", "fields": {"created_at": "2024-02-28T08:53:22.062Z", "updated_at": "2024-02-28T08:53:22.062Z", "created_by": "43060d3a-74b8-4588-a6a3-1a339522cc1f", "updated_by": "43060d3a-74b8-4588-a6a3-1a339522cc1f", "title": "Shaikh Mudassir", "first_name": "Shaikh Mudassir", "last_name": "Shaikh Mudassir", "email": "Shaikh@email.temp", "phone": "+919096053970", "status": null, "source": null, "address_line": null, "street": null, "city": null, "state": null, "postcode": null, "country": null, "website": null, "description": null, "account_name": null, "opportunity_amount": null, "is_active": false, "enquiry_type": null, "created_from_site": false, "org": "3650dad3-5670-49ee-ab5c-e490a2c791bf", "company": null, "skype_ID": null, "industry": null, "organization": null, "probability": 0, "close_date": null, "assigned_to": [], "tags": [], "contacts": [], "teams": []}}, {"model": "leads.lead", "pk": "684c11e4-6aec-482d-ad0e-06d24b9ff0db", "fields": {"created_at": "2024-02-28T06:44:52.765Z", "updated_at": "2024-02-28T06:44:52.765Z", "created_by": "43060d3a-74b8-4588-a6a3-1a339522cc1f", "updated_by": "43060d3a-74b8-4588-a6a3-1a339522cc1f", "title": "lead 2", "first_name": "Noman", "last_name": "Sathi", "email": "nomansathi@email.com", "phone": "+918087195315", "status": null, "source": null, "address_line": null, "street": null, "city": null, "state": null, "postcode": null, "country": null, "website": null, "description": null, "account_name": null, "opportunity_amount": null, "is_active": false, "enquiry_type": null, "created_from_site": false, "org": "3650dad3-5670-49ee-ab5c-e490a2c791bf", "company": null, "skype_ID": null, "industry": null, "organization": null, "probability": 0, "close_date": null, "assigned_to": [], "tags": [], "contacts": [], "teams": []}}, {"model": "leads.lead", "pk": "6d6abc90-a1ba-4ef7-a94c-4cefa97da4b9", "fields": {"created_at": "2024-02-28T06:44:52.469Z", "updated_at": "2024-02-28T06:44:52.469Z", "created_by": "43060d3a-74b8-4588-a6a3-1a339522cc1f", "updated_by": "43060d3a-74b8-4588-a6a3-1a339522cc1f", "title": "lead 1", "first_name": "Zubair", "last_name": "Sir", "email": "zubair123@gmail.com", "phone": "+917774019249", "status": null, "source": null, "address_line": null, "street": null, "city": null, "state": null, "postcode": null, "country": null, "website": null, "description": null, "account_name": null, "opportunity_amount": null, "is_active": false, "enquiry_type": null, "created_from_site": false, "org": "3650dad3-5670-49ee-ab5c-e490a2c791bf", "company": null, "skype_ID": null, "industry": null, "organization": null, "probability": 0, "close_date": null, "assigned_to": [], "tags": [], "contacts": [], "teams": []}}, {"model": "chat.whatsappcontacts", "pk": 19, "fields": {"wa_id": "D9xkQM0dCFlJ7cecN2fVH8Wa1wS31JYU", "lead": "6d6abc90-a1ba-4ef7-a94c-4cefa97da4b9", "contact": "060b9d8d-0ed3-4191-9e1a-51027b3b348d", "name": " Zubair", "number": " +917774019249", "profile_image": "", "last_message": "", "messageStatus": "SENT", "timestamp": "12:14:52.689"}}, {"model": "chat.whatsappcontacts", "pk": 20, "fields": {"wa_id": "sDTxAChF4wvIVzPywo8oqSgU4JA8O1Iz", "lead": "684c11e4-6aec-482d-ad0e-06d24b9ff0db", "contact": "49a60de9-4558-43df-a9df-e0729846f129", "name": " Noman", "number": " +918087195315", "profile_image": "", "last_message": "", "messageStatus": "SENT", "timestamp": "12:14:52.892"}}, {"model": "chat.whatsappcontacts", "pk": 21, "fields": {"wa_id": "woTXq4GKR9aUemRUWciZYr6umjtPvTUY", "lead": "0b28761e-72f5-4c0e-900c-1293d7f06936", "contact": "ba32cce0-ad4a-4436-9dfd-7b0fa933f703", "name": "Shaikh Mudassir", "number": "+919096053970", "profile_image": "", "last_message": "", "messageStatus": "SENT", "timestamp": "14:23:23.461"}}, {"model": "chat.orgwhatsappmapping", "pk": 9, "fields": {"org": "3650dad3-5670-49ee-ab5c-e490a2c791bf", "whatsapp_number_id": "122217517640926", "permanent_token": "EAAesCjvcSRMBO9ghEXT8dSkzA6Ab9YcgjX6kisjApXQmCJ973f28NqfViWB47o9c8VOMLIZBzOPV0hUgXznPjPMbjjXrV4PyHOLxh78YCyFD4wsKHomwQ6uRQTqTxCYyv0hZCjVvU0mnUfZBkj4VeX6zsLhuAh27LMJsAvUUzqYmZATebHm7WJMe6PkiDaB6gxGM4JkgDQZCmLbSNDWzOWidk2JZB7mk86HhIbj49ZCt9K1BFxlEf29", "webhook_verification_token": "U7JTzeSIVxjEeowCbHd9CGaMAB3yjuge", "url": "y8skErXsftnXEtKuCGLlcn2XCTELW0BP", "api_refresh_token": "eyJhbGciOiJIUzI1NiIsInR5cCI6IkpXVCJ9.eyJ0b2tlbl90eXBlIjoicmVmcmVzaCIsImV4cCI6MTc0MDE0NzA5OCwiaWF0IjoxNzA4NjExMDk4LCJqdGkiOiJmMmZhZTQxMTUyMzk0NzI0YTljOWQ4MDVmMDhiYzc2OSIsInVzZXJfaWQiOiI0MzA2MGQzYS03NGI4LTQ1ODgtYTZhMy0xYTMzOTUyMmNjMWYifQ.ePHmkMyz_BaPqmeX2Muw1aAEEmlN8gtbd5kgS4is_9c", "id_admin_user": "43060d3a-74b8-4588-a6a3-1a339522cc1f"}}]